{
    "total_training_loss": [
        29.791820526123047,
        21.769710540771484,
        18.209287643432617,
        15.884878158569336,
        14.231465339660645,
        12.960856437683105,
        11.949097633361816,
        11.24051570892334,
        10.551939964294434,
        9.998208045959473,
        9.68660831451416,
        9.359743118286133,
        8.975728034973145,
        8.743902206420898,
        8.559150695800781,
        8.352231979370117,
        8.10843563079834,
        7.926436424255371,
        7.765797138214111,
        7.800450325012207,
        7.476263999938965,
        7.406499862670898,
        7.135066509246826,
        7.076197624206543,
        7.007987976074219,
        6.921503067016602,
        6.938825607299805,
        6.710664749145508,
        6.548994064331055,
        6.577486515045166,
        6.382272720336914,
        6.3073201179504395,
        6.422820091247559,
        6.2346601486206055,
        6.107514381408691,
        6.109742164611816,
        6.036978244781494,
        5.956788063049316,
        5.844724178314209,
        5.814105033874512,
        5.853868007659912,
        5.5504069328308105,
        5.59572172164917,
        5.674456596374512,
        5.311999797821045,
        5.121287822723389,
        5.161570072174072,
        5.033362865447998,
        5.030735492706299,
        4.936222553253174
    ],
    "total_validation_loss": [
        23.845848083496094,
        19.261289596557617,
        16.552274703979492,
        14.563143730163574,
        13.209137916564941,
        11.906970977783203,
        11.091245651245117,
        10.428690910339355,
        9.851296424865723,
        9.29330062866211,
        8.838622093200684,
        8.51551628112793,
        8.54626750946045,
        7.852389335632324,
        8.192181587219238,
        7.755982398986816,
        7.484932899475098,
        7.357045650482178,
        7.297140598297119,
        7.524538516998291,
        6.858798503875732,
        6.892445087432861,
        6.715446472167969,
        6.738677978515625,
        6.651979446411133,
        6.879030227661133,
        6.458606719970703,
        6.421903610229492,
        6.519021034240723,
        6.433658123016357,
        6.180502414703369,
        6.234939098358154,
        6.045040130615234,
        6.254264831542969,
        5.984677791595459,
        6.010307312011719,
        5.907286643981934,
        6.155268669128418,
        5.862757682800293,
        5.970024108886719,
        5.8571248054504395,
        5.870167255401611,
        6.014331817626953,
        5.9558281898498535,
        5.773886680603027,
        5.589847087860107,
        5.491543769836426,
        5.4657206535339355,
        5.809314727783203,
        5.435371398925781
    ],
    "validation_accuracy_per_category": {
        "gender": [
            0.6087962985038757,
            0.6084905862808228,
            0.5966981053352356,
            0.6061320900917053,
            0.650943398475647,
            0.7783018946647644,
            0.7735849022865295,
            0.7853773832321167,
            0.7900943160057068,
            0.8066037893295288,
            0.8113207817077637,
            0.8278301954269409,
            0.8301886916160583,
            0.823113203048706,
            0.8419811129570007,
            0.7971698045730591,
            0.8278301954269409,
            0.8254716992378235,
            0.8537735939025879,
            0.8183962106704712,
            0.8679245114326477,
            0.875,
            0.8349056839942932,
            0.8608490824699402,
            0.8537735939025879,
            0.8514150977134705,
            0.8726415038108826,
            0.8655660152435303,
            0.8726851940155029,
            0.8561320900917053,
            0.8655660152435303,
            0.8443396091461182,
            0.8702830076217651,
            0.8820754885673523,
            0.8726415038108826,
            0.8679245114326477,
            0.8985849022865295,
            0.8702830076217651,
            0.8632075190544128,
            0.8797169923782349,
            0.8867924809455872,
            0.8797169923782349,
            0.8938679099082947,
            0.8844339847564697,
            0.8915094137191772,
            0.8985849022865295,
            0.8985849022865295,
            0.8844339847564697,
            0.9103773832321167,
            0.8820754885673523
        ],
        "article type": [
            0.21296297013759613,
            0.2146226465702057,
            0.19811320304870605,
            0.21698112785816193,
            0.23113207519054413,
            0.31603774428367615,
            0.31603774428367615,
            0.32311320304870605,
            0.3537735939025879,
            0.38679245114326477,
            0.4457547068595886,
            0.43396225571632385,
            0.4575471580028534,
            0.5400943160057068,
            0.49764150381088257,
            0.47641509771347046,
            0.5660377144813538,
            0.5471698045730591,
            0.5306603908538818,
            0.5330188870429993,
            0.5589622855186462,
            0.5707547068595886,
            0.5825471878051758,
            0.5801886916160583,
            0.6084905862808228,
            0.5896226167678833,
            0.6084905862808228,
            0.6084905862808228,
            0.6111111044883728,
            0.5943396091461182,
            0.6226415038108826,
            0.6179245114326477,
            0.6132075190544128,
            0.6155660152435303,
            0.6533018946647644,
            0.625,
            0.6344339847564697,
            0.6320754885673523,
            0.6462264060974121,
            0.6556603908538818,
            0.6179245114326477,
            0.6179245114326477,
            0.6674528121948242,
            0.6533018946647644,
            0.6226415038108826,
            0.6650943160057068,
            0.6556603908538818,
            0.6415094137191772,
            0.6792452931404114,
            0.6816037893295288
        ],
        "color": [
            0.1111111119389534,
            0.10849056392908096,
            0.12735849618911743,
            0.10849056392908096,
            0.1391509473323822,
            0.17688679695129395,
            0.17216980457305908,
            0.20283019542694092,
            0.21933962404727936,
            0.2216981202363968,
            0.23113207519054413,
            0.25,
            0.21226415038108826,
            0.25,
            0.25,
            0.28066039085388184,
            0.3278301954269409,
            0.35141509771347046,
            0.30896225571632385,
            0.3466981053352356,
            0.34433960914611816,
            0.37264150381088257,
            0.375,
            0.37735849618911743,
            0.400943398475647,
            0.3537735939025879,
            0.37735849618911743,
            0.41273584961891174,
            0.39120370149612427,
            0.4033018946647644,
            0.4150943458080292,
            0.4080188572406769,
            0.4433962404727936,
            0.37735849618911743,
            0.41981130838394165,
            0.4316037595272064,
            0.4457547068595886,
            0.42688679695129395,
            0.44811320304870605,
            0.4363207519054413,
            0.44811320304870605,
            0.4433962404727936,
            0.4292452931404114,
            0.4599056541919708,
            0.48820754885673523,
            0.4504716992378235,
            0.5047169923782349,
            0.5094339847564697,
            0.4787735939025879,
            0.5
        ],