{"train_losses": [13.363350069260404, 11.029107574515933, 8.786890853183433, 7.990605320051952, 7.451085755888585, 7.054528749693587, 6.743707385565978, 6.486415472395312, 6.267185415066822, 6.077637943166156, 5.910646114813494, 5.763882516571434, 5.63169692316862, 5.51199855782342, 5.401578840761859, 5.301565408982932, 5.207865524955033, 5.12107903435222, 5.040612850100803, 4.965066371069032], "test_losses": [13.343982539704305, 9.367161040093489, 8.371514758831792, 7.7616690995724955, 7.325065847760207, 6.993215936418896, 6.722459377273356, 6.495083687411752, 6.300847285181784, 6.128920254710097, 5.977650196205762, 5.841430789967389, 5.7191413701029274, 5.606190481003682, 5.50673275816696, 5.4112560617903025, 5.3282575803335925, 5.246087193281994, 5.1682162458798615, 5.09829015709723], "test_accuracies": {"gender": [0.1789229878401853, 0.6971627099015634, 0.7214823393167342, 0.7463810075275044, 0.7851766068326578, 0.821656050955414, 0.8430804863925883, 0.8610306890561668, 0.8726114649681529, 0.87492762015055, 0.8836132020845396, 0.8824551244933411, 0.8870874348581355, 0.8894035900405327, 0.8911407064273307, 0.8928778228141285, 0.8922987840185292, 0.8957730167921251, 0.8969310943833236, 0.8998262883613202], "article type": [0.03184713375796178, 0.26809496236247826, 0.29936305732484075, 0.3474232773595831, 0.3815865662999421, 0.4047481181239143, 0.4198031268094962, 0.44470179502026635, 0.4863925883034163, 0.5020266357845976, 0.5338737695425594, 0.5466126230457441, 0.5697741748697163, 0.5842501447596989, 0.6004632310364795, 0.6097278517660684, 0.6189924724956573, 0.6242038216560509, 0.6386797915460336, 0.6438911407064273], "color": [0.011580775911986103, 0.1007527504342791, 0.21019108280254778, 0.2362478286045165, 0.2559351476548929, 0.2744643891140706, 0.29357266936884774, 0.3051534452808338, 0.30804863925883036, 0.3248407643312102, 0.33294730746960044, 0.3503184713375796, 0.3607411696583671, 0.377533294730747, 0.38332368268674, 0.3925883034163289, 0.40590619571511294, 0.41343370005790386, 0.4198031268094962, 0.43138390272148236], "season": [0.2142443543717429, 0.8853503184713376, 0.8853503184713376, 0.8853503184713376, 0.8853503184713376, 0.8853503184713376, 0.8853503184713376, 0.8853503184713376, 0.8859293572669369, 0.8859293572669369, 0.8870874348581355, 0.889982628836132, 0.889982628836132, 0.8922987840185292, 0.8940359004053272, 0.8998262883613202, 0.9015634047481181, 0.9044585987261147, 0.905037637521714, 0.9067747539085119], "usage": [0.024898668210770122, 0.6664736537348003, 0.7469600463231036, 0.8031268094962363, 0.8228141285466126, 0.8257093225246092, 0.8303416328894035, 0.8343949044585988, 0.8367110596409959, 0.8378691372321946, 0.8436595251881877, 0.8488708743485813, 0.8540822235089751, 0.8552403011001737, 0.8592935726693689, 0.861609727851766, 0.8592935726693689, 0.8621887666473653, 0.8668210770121598, 0.8668210770121598]}}